{"Lighting":[{"objectName":"SM_SkySphere","translate":{"x":0.0,"y":0.0,"z":0.0},"rotate":{"x":0.0,"y":0.0,"z":0.0},"scale":{"x":400.0,"y":400.0,"z":400.0}}],"res":[{"objectName":"school_classroom","translate":{"x":0.0,"y":0.0,"z":0.0},"rotate":{"x":0.0,"y":0.0,"z":0.0},"scale":{"x":1.0,"y":1.0,"z":1.0}},{"objectName":"S_MarkerA","translate":{"x":100.0,"y":100.0,"z":0.0},"rotate":{"x":0.0,"y":0.0,"z":0.0},"scale":{"x":1.0,"y":1.0,"z":1.0}},{"objectName":"S_MarkerA","translate":{"x":100.0,"y":300.0,"z":0.0},"rotate":{"x":0.0,"y":0.0,"z":0.0},"scale":{"x":1.0,"y":1.0,"z":1.0}},{"objectName":"S_MarkerB","translate":{"x":100.0,"y":-100.0,"z":0.0},"rotate":{"x":0.0,"y":0.0,"z":0.0},"scale":{"x":1.0,"y":1.0,"z":1.0}},{"objectName":"S_MarkerB","translate":{"x":100.0,"y":-300.0,"z":0.0},"rotate":{"x":0.0,"y":0.0,"z":0.0},"scale":{"x":1.0,"y":1.0,"z":1.0}}]}