{"Stage":[{"objectName":"FloatingIsland","translate":{"x":0.0,"y":0.0,"z":0.0},"rotate":{"x":0.0,"y":0.0,"z":0.0},"scale":{"x":1.0,"y":1.0,"z":1.0}},{"objectName":"FloatingIsland","translate":{"x":-460.0,"y":-460.0,"z":-260.0},"rotate":{"x":0.0,"y":0.0,"z":-80.0},"scale":{"x":1.0625,"y":1.0625,"z":1.0625}},{"objectName":"FloatingIsland","translate":{"x":274.79759999999999,"y":678.85680000000002,"z":120.2563},"rotate":{"x":0.0,"y":0.0,"z":110.0},"scale":{"x":1.5625,"y":1.5625,"z":1.5625}},{"objectName":"FloatingIsland","translate":{"x":870.0,"y":-230.0,"z":-80.0},"rotate":{"x":0.0,"y":0.0,"z":-30.0},"scale":{"x":0.6875,"y":0.6875,"z":0.6875}},{"objectName":"FloatingIsland","translate":{"x":-490.0,"y":320.0,"z":-80.0},"rotate":{"x":0.0,"y":0.0,"z":-120.0},"scale":{"x":0.625,"y":0.625,"z":0.625}},{"objectName":"FloatingIsland","translate":{"x":1247.8571999999999,"y":488.81610000000001,"z":-260.0},"rotate":{"x":0.0,"y":0.0,"z":-130.0},"scale":{"x":0.9375,"y":0.9375,"z":0.9375}},{"objectName":"FloatingIsland","translate":{"x":1136.7264,"y":-1159.7949000000001,"z":-190.0},"rotate":{"x":0.0,"y":0.0,"z":110.0},"scale":{"x":1.1875,"y":1.1875,"z":1.1875}},{"objectName":"FloatingIsland","translate":{"x":330.71350000000001,"y":-1959.7402999999999,"z":-550.0},"rotate":{"x":0.0,"y":0.0,"z":-140.0},"scale":{"x":1.1875,"y":1.1875,"z":1.1875}},{"objectName":"FloatingIsland","translate":{"x":-100.0,"y":-1030.0,"z":-80.0},"rotate":{"x":0.0,"y":0.0,"z":150.0},"scale":{"x":0.875,"y":0.875,"z":0.875}},{"objectName":"FloatingIsland","translate":{"x":-583.27359999999999,"y":-1359.7949000000001,"z":-190.0},"rotate":{"x":0.0,"y":0.0,"z":180.0},"scale":{"x":0.8125,"y":0.8125,"z":0.8125}},{"objectName":"FloatingIsland","translate":{"x":-713.27359999999999,"y":1140.2050999999999,"z":-190.0},"rotate":{"x":0.0,"y":0.0,"z":110.0},"scale":{"x":0.875,"y":0.875,"z":0.875}},{"objectName":"FloatingIsland","translate":{"x":-1249.2864999999999,"y":360.25970000000001,"z":-170.0},"rotate":{"x":0.0,"y":0.0,"z":-60.0},"scale":{"x":0.875,"y":0.875,"z":0.875}},{"objectName":"FloatingIsland","translate":{"x":1580.7135000000001,"y":1340.2597000000001,"z":-550.0},"rotate":{"x":0.0,"y":0.0,"z":-180.0},"scale":{"x":1.25,"y":1.25,"z":1.25}},{"objectName":"FloatingIsland","translate":{"x":1626.7264,"y":-149.79490000000001,"z":-190.0},"rotate":{"x":0.0,"y":0.0,"z":110.0},"scale":{"x":1.25,"y":1.25,"z":1.25}},{"objectName":"FloatingIsland","translate":{"x":-1262.1428000000001,"y":-901.18389999999999,"z":-60.0},"rotate":{"x":0.0,"y":0.0,"z":-70.0},"scale":{"x":0.9375,"y":0.9375,"z":0.9375}},{"objectName":"Wood","translate":{"x":1570.0,"y":1350.0,"z":-560.23490000000004},"rotate":{"x":0.0,"y":0.0,"z":0.0},"scale":{"x":1.5625,"y":1.5625,"z":1.5625}},{"objectName":"Wood","translate":{"x":-1250.0,"y":360.0,"z":-170.0},"rotate":{"x":0.0,"y":0.0,"z":0.0},"scale":{"x":0.9375,"y":0.9375,"z":0.9375}},{"objectName":"Wood","translate":{"x":-707.79909999999995,"y":1137.8367000000001,"z":-191.04990000000001},"rotate":{"x":0.0,"y":0.0,"z":0.0},"scale":{"x":1.3125,"y":1.3125,"z":1.3125}},{"objectName":"Wood","translate":{"x":1560.0,"y":-120.0,"z":-200.0},"rotate":{"x":0.0,"y":0.0,"z":0.0},"scale":{"x":0.9375,"y":0.9375,"z":0.9375}},{"objectName":"Wood","translate":{"x":-610.0,"y":-1380.0,"z":-200.1968},"rotate":{"x":0.0,"y":0.0,"z":0.0},"scale":{"x":1.125,"y":1.125,"z":1.125}},{"objectName":"FloatingIsland","translate":{"x":-790.0,"y":0.0,"z":40.0},"rotate":{"x":0.0,"y":0.0,"z":-80.0},"scale":{"x":1.0625,"y":1.0625,"z":1.0625}},{"objectName":"Bridge","translate":{"x":0.0,"y":0.0,"z":0.0},"rotate":{"x":0.0,"y":0.0,"z":0.0},"scale":{"x":1.0,"y":1.0,"z":1.0}},{"objectName":"FloatingIsland","translate":{"x":340.0,"y":-540.0,"z":-50.0},"rotate":{"x":0.0,"y":0.0,"z":-60.0},"scale":{"x":1.25,"y":1.25,"z":1.25}},{"objectName":"Sky","translate":{"x":0.0,"y":0.0,"z":0.0},"rotate":{"x":0.0,"y":0.0,"z":0.0},"scale":{"x":1.0,"y":1.0,"z":1.0}}],"Marker":[{"objectName":"S_MarkerA","translate":{"x":0.0,"y":-10.0,"z":0.0},"rotate":{"x":0.0,"y":0.0,"z":0.0},"scale":{"x":1.0,"y":1.0,"z":1.0}},{"objectName":"S_MarkerB","translate":{"x":270.0,"y":700.0,"z":120.0},"rotate":{"x":0.0,"y":0.0,"z":0.0},"scale":{"x":1.0,"y":1.0,"z":1.0}},{"objectName":"S_MarkerB","translate":{"x":-820.0,"y":0.0,"z":40.0},"rotate":{"x":0.0,"y":0.0,"z":0.0},"scale":{"x":1.0,"y":1.0,"z":1.0}},{"objectName":"S_MarkerB","translate":{"x":350.0,"y":-560.0,"z":-50.0},"rotate":{"x":0.0,"y":0.0,"z":0.0},"scale":{"x":1.0,"y":1.0,"z":1.0}}]}