{"Lighting":[{"objectName":"SM_SkySphere","translate":{"x":0.0,"y":0.0,"z":0.0},"rotate":{"x":0.0,"y":0.0,"z":0.0},"scale":{"x":400.0,"y":400.0,"z":400.0}}],"res":[{"objectName":"school_classroom","translate":{"x":0.0,"y":0.0,"z":0.0},"rotate":{"x":0.0,"y":0.0,"z":0.0},"scale":{"x":1.0,"y":1.0,"z":1.0}}],"enemymarker":[{"objectName":"S_MarkerA","translate":{"x":100.0,"y":120.0,"z":0.0},"rotate":{"x":0.0,"y":0.0,"z":0.0},"scale":{"x":1.0,"y":1.0,"z":1.0}},{"objectName":"S_MarkerA","translate":{"x":110.0,"y":260.0,"z":0.0},"rotate":{"x":0.0,"y":0.0,"z":0.0},"scale":{"x":1.0,"y":1.0,"z":1.0}},{"objectName":"S_MarkerB","translate":{"x":100.0,"y":-100.0,"z":0.0},"rotate":{"x":0.0,"y":0.0,"z":0.0},"scale":{"x":1.0,"y":1.0,"z":1.0}},{"objectName":"S_MarkerB","translate":{"x":100.0,"y":-300.0,"z":0.0},"rotate":{"x":0.0,"y":0.0,"z":0.0},"scale":{"x":1.0,"y":1.0,"z":1.0}}],"portalmarker":[{"objectName":"portal_1","translate":{"x":-260.0,"y":-10.0,"z":0.0},"rotate":{"x":0.0,"y":0.0,"z":0.0},"scale":{"x":1.0,"y":1.0,"z":1.0}}]}