{"Playground":[{"objectName":"SM_Cube","translate":{"x":1400.0,"y":-200.0,"z":0.0},"rotate":{"x":0.0,"y":0.0,"z":-90.0},"scale":{"x":3.0,"y":4.0,"z":2.0}},{"objectName":"SM_Ramp","translate":{"x":1800.0,"y":-500.0,"z":0.0},"rotate":{"x":0.0,"y":0.0,"z":-180.0},"scale":{"x":4.0,"y":4.0,"z":2.0}},{"objectName":"SM_QuarterCylinder","translate":{"x":1400.0,"y":-200.0,"z":-100.0},"rotate":{"x":0.0,"y":0.0,"z":-180.0},"scale":{"x":6.5,"y":6.5,"z":2.0}},{"objectName":"SM_Cube","translate":{"x":1100.0,"y":-200.0,"z":0.0},"rotate":{"x":0.0,"y":0.0,"z":0.0},"scale":{"x":3.0,"y":4.0999,"z":2.0}},{"objectName":"SM_QuarterCylinder","translate":{"x":1400.0,"y":210.0,"z":0.0},"rotate":{"x":0.0,"y":0.0,"z":90.0},"scale":{"x":6.0,"y":6.0,"z":2.0}},{"objectName":"SM_Template_Map_Floor","translate":{"x":-1500.0,"y":500.0,"z":0.0},"rotate":{"x":0.0,"y":0.0,"z":0.0},"scale":{"x":1.0,"y":3.0,"z":1.0}},{"objectName":"SM_Ramp","translate":{"x":2100.0,"y":200.0,"z":0.0},"rotate":{"x":0.0,"y":0.0,"z":-90.0},"scale":{"x":4.0,"y":4.0,"z":2.0}},{"objectName":"SM_QuarterCylinder","translate":{"x":1800.0,"y":210.0,"z":0.0},"rotate":{"x":0.0,"y":0.0,"z":0.0},"scale":{"x":6.0,"y":6.0,"z":2.0}},{"objectName":"SM_Cylinder","translate":{"x":1600.0,"y":-10.0,"z":200.0},"rotate":{"x":0.0,"y":0.0,"z":0.0},"scale":{"x":7.0,"y":7.0,"z":0.1000}},{"objectName":"SM_Cube","translate":{"x":1400.0,"y":-200.0,"z":0.0},"rotate":{"x":0.0,"y":0.0,"z":0.0},"scale":{"x":7.0,"y":4.0999,"z":2.0}},{"objectName":"SM_QuarterCylinder","translate":{"x":1400.0,"y":-200.0,"z":0.0},"rotate":{"x":0.0,"y":0.0,"z":-180.0},"scale":{"x":6.0,"y":6.0,"z":2.0}},{"objectName":"SM_QuarterCylinder","translate":{"x":1800.0,"y":210.0,"z":-100.0},"rotate":{"x":0.0,"y":0.0,"z":0.0},"scale":{"x":6.5,"y":6.5,"z":2.0}},{"objectName":"SM_QuarterCylinder","translate":{"x":1800.0,"y":-200.0,"z":0.0},"rotate":{"x":0.0,"y":0.0,"z":-90.0},"scale":{"x":6.0,"y":6.0,"z":2.0}},{"objectName":"SM_Ramp","translate":{"x":1400.0,"y":510.0,"z":0.0},"rotate":{"x":0.0,"y":0.0,"z":0.0},"scale":{"x":4.0,"y":3.8999,"z":2.0}},{"objectName":"SM_QuarterCylinder","translate":{"x":1400.0,"y":210.0,"z":-100.0},"rotate":{"x":0.0,"y":0.0,"z":90.0},"scale":{"x":6.5,"y":6.5,"z":2.0}},{"objectName":"SM_QuarterCylinder","translate":{"x":1800.0,"y":-200.0,"z":-100.0},"rotate":{"x":0.0,"y":0.0,"z":-90.0},"scale":{"x":6.5,"y":6.5,"z":2.0}},{"objectName":"SM_Cube","translate":{"x":1800.0,"y":210.0,"z":0.0},"rotate":{"x":0.0,"y":0.0,"z":90.0},"scale":{"x":3.0,"y":4.0,"z":2.0}},{"objectName":"SM_Template_Map_Floor","translate":{"x":0.0,"y":2500.0,"z":0.0},"rotate":{"x":0.0,"y":0.0,"z":0.0},"scale":{"x":2.0,"y":3.0,"z":1.0}},{"objectName":"SM_Template_Map_Floor","translate":{"x":-1500.0,"y":5000.0,"z":0.0},"rotate":{"x":0.0,"y":0.0,"z":0.0},"scale":{"x":1.0,"y":4.0,"z":1.0}},{"objectName":"SM_Template_Map_Floor","translate":{"x":-9500.0,"y":2500.0,"z":0.0},"rotate":{"x":0.0,"y":0.0,"z":0.0},"scale":{"x":5.0,"y":5.0,"z":1.0}},{"objectName":"SM_Template_Map_Floor","translate":{"x":-9500.0,"y":5500.0,"z":0.0},"rotate":{"x":0.0,"y":0.0,"z":0.0},"scale":{"x":1.0,"y":1.0,"z":1.0}},{"objectName":"SM_Template_Map_Floor","translate":{"x":-5400.0,"y":-500.0,"z":0.0},"rotate":{"x":0.0,"y":0.0,"z":90.0},"scale":{"x":1.0,"y":6.75,"z":1.0}},{"objectName":"SM_Template_Map_Floor","translate":{"x":-6500.0,"y":2500.0,"z":0.0},"rotate":{"x":0.0,"y":0.0,"z":90.0},"scale":{"x":1.0,"y":1.0,"z":1.0}},{"objectName":"SM_Template_Map_Floor","translate":{"x":-12500.0,"y":2500.0,"z":0.0},"rotate":{"x":0.0,"y":0.0,"z":90.0},"scale":{"x":1.0,"y":1.0,"z":1.0}},{"objectName":"SM_Template_Map_Floor","translate":{"x":-4500.0,"y":2500.0,"z":0.0},"rotate":{"x":0.0,"y":0.0,"z":0.0},"scale":{"x":3.0,"y":3.0,"z":1.0}},{"objectName":"SM_Template_Map_Floor","translate":{"x":-14500.0,"y":2500.0,"z":0.0},"rotate":{"x":0.0,"y":0.0,"z":0.0},"scale":{"x":3.0,"y":3.0,"z":1.0}},{"objectName":"SM_Template_Map_Floor","translate":{"x":-9500.0,"y":7500.0,"z":0.0},"rotate":{"x":0.0,"y":0.0,"z":0.0},"scale":{"x":3.0,"y":3.0,"z":1.0}}],"Lighting":[{"objectName":"SM_SkySphere","translate":{"x":3200.0,"y":0.0,"z":0.0},"rotate":{"x":0.0,"y":0.0,"z":0.0},"scale":{"x":400.0,"y":400.0,"z":400.0}}]}