{"Island":[{"objectName":"S_Sky","translate":{"x":0.0,"y":0.0,"z":0.0},"rotate":{"x":-0.0,"y":0.0,"z":0.0},"scale":{"x":1.0,"y":1.0,"z":1.0}},{"objectName":"S_Cocotree","translate":{"x":56.3140,"y":-335.9022,"z":50.9894},"rotate":{"x":0.0,"y":0.0,"z":-168.2803},"scale":{"x":1.0,"y":1.0,"z":1.0}},{"objectName":"S_Cocotree","translate":{"x":-833.9308,"y":-644.8032,"z":36.4291},"rotate":{"x":0.0,"y":0.0,"z":-90.0},"scale":{"x":1.0,"y":1.0,"z":1.0}},{"objectName":"S_Island","translate":{"x":0.0,"y":0.0,"z":0.0},"rotate":{"x":-0.0,"y":0.0,"z":0.0},"scale":{"x":1.0,"y":1.0,"z":1.0}},{"objectName":"S_FenceA","translate":{"x":-697.4216,"y":-206.7235,"z":212.7189},"rotate":{"x":0.0,"y":0.0,"z":20.0},"scale":{"x":1.0,"y":1.0,"z":1.0}},{"objectName":"S_FenceA","translate":{"x":-758.0518,"y":54.5543,"z":212.7189},"rotate":{"x":0.0,"y":0.0,"z":1.6255},"scale":{"x":1.0,"y":1.0,"z":1.0}},{"objectName":"S_FenceA","translate":{"x":-756.1884,"y":337.7918,"z":212.7189},"rotate":{"x":0.0,"y":0.0,"z":0.3684},"scale":{"x":1.0,"y":1.0,"z":1.0}},{"objectName":"S_FenceA","translate":{"x":-777.6407,"y":602.1810,"z":212.7189},"rotate":{"x":0.0,"y":0.0,"z":11.0988},"scale":{"x":1.0,"y":1.0,"z":1.0}},{"objectName":"S_FenceA","translate":{"x":-670.1229,"y":786.5270,"z":212.7189},"rotate":{"x":0.0,"y":0.0,"z":-68.9008},"scale":{"x":1.0,"y":1.0,"z":1.0}},{"objectName":"S_FenceA","translate":{"x":-407.7382,"y":818.1749,"z":210.5264},"rotate":{"x":0.0,"y":0.0,"z":-91.3841},"scale":{"x":1.0,"y":1.0,"z":1.0}},{"objectName":"S_FenceA","translate":{"x":-154.0562,"y":755.0809,"z":212.7189},"rotate":{"x":0.0,"y":0.0,"z":-119.7372},"scale":{"x":1.0,"y":1.0,"z":1.0}},{"objectName":"S_FenceA","translate":{"x":-9.2174,"y":548.4392,"z":212.7189},"rotate":{"x":0.0,"y":0.0,"z":-169.5618},"scale":{"x":1.0,"y":1.0,"z":1.0}},{"objectName":"S_FenceA","translate":{"x":-21.2187,"y":277.3968,"z":212.7189},"rotate":{"x":0.0,"y":0.0,"z":163.0663},"scale":{"x":1.0,"y":1.0,"z":1.0}},{"objectName":"S_FenceA","translate":{"x":-68.9016,"y":5.8048,"z":212.7189},"rotate":{"x":0.0,"y":0.0,"z":178.3711},"scale":{"x":1.0,"y":1.0,"z":1.0}},{"objectName":"S_FenceA","translate":{"x":-203.2239,"y":-175.0403,"z":212.7189},"rotate":{"x":0.0,"y":0.0,"z":114.3464},"scale":{"x":1.0,"y":1.0,"z":1.0}},{"objectName":"S_FenceB","translate":{"x":936.6872,"y":-1076.8604,"z":52.4138},"rotate":{"x":0.0,"y":0.0,"z":92.9719},"scale":{"x":1.0,"y":1.0,"z":1.0}},{"objectName":"S_Barrel","translate":{"x":-138.8491,"y":-1.0502,"z":212.8301},"rotate":{"x":0.0,"y":0.0,"z":65.7228},"scale":{"x":1.3,"y":1.3000,"z":1.3000}},{"objectName":"S_Barrel","translate":{"x":-695.3732,"y":238.1119,"z":212.8301},"rotate":{"x":0.0,"y":0.0,"z":65.7228},"scale":{"x":1.3,"y":1.3000,"z":1.3000}},{"objectName":"S_Sea","translate":{"x":0.0,"y":0.0,"z":0.0},"rotate":{"x":-0.0,"y":0.0,"z":0.0},"scale":{"x":1.0,"y":1.0,"z":1.0}},{"objectName":"S_FenceB","translate":{"x":674.4633,"y":-1076.8604,"z":53.9455},"rotate":{"x":0.0,"y":0.0,"z":-89.0394},"scale":{"x":1.0,"y":1.0,"z":1.0}},{"objectName":"S_FenceB","translate":{"x":809.8704,"y":-915.3662,"z":54.7589},"rotate":{"x":0.0,"y":0.0,"z":-177.0728},"scale":{"x":1.0,"y":1.0,"z":1.0}},{"objectName":"S_FenceB","translate":{"x":809.8704,"y":-1222.2986,"z":50.0730},"rotate":{"x":95.6424,"y":-2.9130,"z":179.7123},"scale":{"x":1.0,"y":1.0,"z":1.0}},{"objectName":"S_Stairs","translate":{"x":-334.0376,"y":-408.2553,"z":54.8846},"rotate":{"x":0.0,"y":0.0,"z":123.9770},"scale":{"x":1.0,"y":1.0,"z":1.0}},{"objectName":"S_Barrel","translate":{"x":-583.9288,"y":-321.1786,"z":212.8301},"rotate":{"x":0.0,"y":0.0,"z":15.0542},"scale":{"x":1.3,"y":1.3000,"z":1.3000}},{"objectName":"S_TreasureBox","translate":{"x":801.8826,"y":-1095.1967,"z":57.2398},"rotate":{"x":0.0,"y":0.0,"z":11.4351},"scale":{"x":1.5,"y":1.5000,"z":1.5000}},{"objectName":"S_Well","translate":{"x":-411.5335,"y":366.9317,"z":213.1886},"rotate":{"x":0.0,"y":0.0,"z":119.9128},"scale":{"x":1.0,"y":1.0,"z":1.0}},{"objectName":"S_Cocotree","translate":{"x":-599.6243,"y":553.6687,"z":212.0054},"rotate":{"x":0.0,"y":0.0,"z":-148.4178},"scale":{"x":1.0,"y":1.0,"z":1.0}},{"objectName":"S_Barrel","translate":{"x":-731.7728,"y":682.1430,"z":212.8301},"rotate":{"x":0.0,"y":0.0,"z":-28.0901},"scale":{"x":1.3,"y":1.3000,"z":1.3000}},{"objectName":"S_Barrel","translate":{"x":-643.4734,"y":713.5208,"z":212.8301},"rotate":{"x":0.0,"y":0.0,"z":50.8698},"scale":{"x":1.3,"y":1.3000,"z":1.3000}},{"objectName":"S_Barrel","translate":{"x":-666.4264,"y":638.6676,"z":212.8301},"rotate":{"x":0.0,"y":0.0,"z":-22.9105},"scale":{"x":1.3,"y":1.3000,"z":1.3000}},{"objectName":"S_Barrel","translate":{"x":-161.4661,"y":-74.6676,"z":212.8301},"rotate":{"x":-0.0,"y":0.0,"z":0.0},"scale":{"x":1.3,"y":1.3000,"z":1.3000}},{"objectName":"S_Cocotree","translate":{"x":1107.7363,"y":-1039.0913,"z":40.5527},"rotate":{"x":-0.0,"y":0.0,"z":0.0},"scale":{"x":1.0,"y":1.0,"z":1.0}}]}